{
  "formatVersion": 1,
  "database": {
    "version": 2,
    "identityHash": "6be344134e034f2a16bb88d7849a0fda",
    "entities": [
      {
        "tableName": "directories",
        "createSql": "CREATE TABLE IF NOT EXISTS `${TABLE_NAME}` (`path` TEXT NOT NULL, `filename` TEXT NOT NULL, `last_modified` INTEGER NOT NULL, `parent_path` TEXT, PRIMARY KEY(`path`))",
        "fields": [
          {
            "fieldPath": "path",
            "columnName": "path",
            "affinity": "TEXT",
            "notNull": true
          },
          {
            "fieldPath": "name",
            "columnName": "filename",
            "affinity": "TEXT",
            "notNull": true
          },
          {
            "fieldPath": "modified",
            "columnName": "last_modified",
            "affinity": "INTEGER",
            "notNull": true
          },
          {
            "fieldPath": "parentPath",
            "columnName": "parent_path",
            "affinity": "TEXT"
          }
        ],
        "primaryKey": {
          "autoGenerate": false,
          "columnNames": [
            "path"
          ]
        }
      },
      {
        "tableName": "media",
        "createSql": "CREATE TABLE IF NOT EXISTS `${TABLE_NAME}` (`uri` TEXT NOT NULL, `path` TEXT NOT NULL, `filename` TEXT NOT NULL, `parent_path` TEXT NOT NULL, `last_modified` INTEGER NOT NULL, `size` INTEGER NOT NULL, `width` INTEGER NOT NULL, `height` INTEGER NOT NULL, `duration` INTEGER NOT NULL, `media_store_id` INTEGER NOT NULL, `format` TEXT, `thumbnail_path` TEXT, PRIMARY KEY(`uri`))",
        "fields": [
          {
            "fieldPath": "uriString",
            "columnName": "uri",
            "affinity": "TEXT",
            "notNull": true
          },
          {
            "fieldPath": "path",
            "columnName": "path",
            "affinity": "TEXT",
            "notNull": true
          },
          {
            "fieldPath": "name",
            "columnName": "filename",
            "affinity": "TEXT",
            "notNull": true
          },
          {
            "fieldPath": "parentPath",
            "columnName": "parent_path",
            "affinity": "TEXT",
            "notNull": true
          },
          {
            "fieldPath": "modified",
            "columnName": "last_modified",
            "affinity": "INTEGER",
            "notNull": true
          },
          {
            "fieldPath": "size",
            "columnName": "size",
            "affinity": "INTEGER",
            "notNull": true
          },
          {
            "fieldPath": "width",
            "columnName": "width",
            "affinity": "INTEGER",
            "notNull": true
          },
          {
            "fieldPath": "height",
            "columnName": "height",
            "affinity": "INTEGER",
            "notNull": true
          },
          {
            "fieldPath": "duration",
            "columnName": "duration",
            "affinity": "INTEGER",
            "notNull": true
          },
          {
            "fieldPath": "mediaStoreId",
            "columnName": "media_store_id",
            "affinity": "INTEGER",
            "notNull": true
          },
          {
            "fieldPath": "format",
            "columnName": "format",
            "affinity": "TEXT"
          },
          {
            "fieldPath": "thumbnailPath",
            "columnName": "thumbnail_path",
            "affinity": "TEXT"
          }
        ],
        "primaryKey": {
          "autoGenerate": false,
          "columnNames": [
            "uri"
          ]
        },
        "indices": [
          {
            "name": "index_media_uri",
            "unique": true,
            "columnNames": [
              "uri"
            ],
            "orders": [],
            "createSql": "CREATE UNIQUE INDEX IF NOT EXISTS `index_media_uri` ON `${TABLE_NAME}` (`uri`)"
          },
          {
            "name": "index_media_path",
            "unique": true,
            "columnNames": [
              "path"
            ],
            "orders": [],
            "createSql": "CREATE UNIQUE INDEX IF NOT EXISTS `index_media_path` ON `${TABLE_NAME}` (`path`)"
          }
        ]
      },
      {
        "tableName": "media_state",
        "createSql": "CREATE TABLE IF NOT EXISTS `${TABLE_NAME}` (`uri` TEXT NOT NULL, `playback_position` INTEGER NOT NULL, `audio_track_index` INTEGER, `subtitle_track_index` INTEGER, `playback_speed` REAL, `last_played_time` INTEGER, `external_subs` TEXT NOT NULL, `video_scale` REAL NOT NULL, PRIMARY KEY(`uri`))",
        "fields": [
          {
            "fieldPath": "uriString",
            "columnName": "uri",
            "affinity": "TEXT",
            "notNull": true
          },
          {
            "fieldPath": "playbackPosition",
            "columnName": "playback_position",
            "affinity": "INTEGER",
            "notNull": true
          },
          {
            "fieldPath": "audioTrackIndex",
            "columnName": "audio_track_index",
            "affinity": "INTEGER"
          },
          {
            "fieldPath": "subtitleTrackIndex",
            "columnName": "subtitle_track_index",
            "affinity": "INTEGER"
          },
          {
            "fieldPath": "playbackSpeed",
            "columnName": "playback_speed",
            "affinity": "REAL"
          },
          {
            "fieldPath": "lastPlayedTime",
            "columnName": "last_played_time",
            "affinity": "INTEGER"
          },
          {
            "fieldPath": "externalSubs",
            "columnName": "external_subs",
            "affinity": "TEXT",
            "notNull": true
          },
          {
            "fieldPath": "videoScale",
            "columnName": "video_scale",
            "affinity": "REAL",
            "notNull": true
          }
        ],
        "primaryKey": {
          "autoGenerate": false,
          "columnNames": [
            "uri"
          ]
        },
        "indices": [
          {
            "name": "index_media_state_uri",
            "unique": true,
            "columnNames": [
              "uri"
            ],
            "orders": [],
            "createSql": "CREATE UNIQUE INDEX IF NOT EXISTS `index_media_state_uri` ON `${TABLE_NAME}` (`uri`)"
          }
        ]
      },
      {
        "tableName": "video_stream_info",
        "createSql": "CREATE TABLE IF NOT EXISTS `${TABLE_NAME}` (`stream_index` INTEGER NOT NULL, `title` TEXT, `codec_name` TEXT NOT NULL, `language` TEXT, `disposition` INTEGER NOT NULL, `bit_rate` INTEGER NOT NULL, `frame_rate` REAL NOT NULL, `width` INTEGER NOT NULL, `height` INTEGER NOT NULL, `medium_uri` TEXT NOT NULL, PRIMARY KEY(`medium_uri`, `stream_index`), FOREIGN KEY(`medium_uri`) REFERENCES `media`(`uri`) ON UPDATE NO ACTION ON DELETE CASCADE )",
        "fields": [
          {
            "fieldPath": "index",
            "columnName": "stream_index",
            "affinity": "INTEGER",
            "notNull": true
          },
          {
            "fieldPath": "title",
            "columnName": "title",
            "affinity": "TEXT"
          },
          {
            "fieldPath": "codecName",
            "columnName": "codec_name",
            "affinity": "TEXT",
            "notNull": true
          },
          {
            "fieldPath": "language",
            "columnName": "language",
            "affinity": "TEXT"
          },
          {
            "fieldPath": "disposition",
            "columnName": "disposition",
            "affinity": "INTEGER",
            "notNull": true
          },
          {
            "fieldPath": "bitRate",
            "columnName": "bit_rate",
            "affinity": "INTEGER",
            "notNull": true
          },
          {
            "fieldPath": "frameRate",
            "columnName": "frame_rate",
            "affinity": "REAL",
            "notNull": true
          },
          {
            "fieldPath": "frameWidth",
            "columnName": "width",
            "affinity": "INTEGER",
            "notNull": true
          },
          {
            "fieldPath": "frameHeight",
            "columnName": "height",
            "affinity": "INTEGER",
            "notNull": true
          },
          {
            "fieldPath": "mediumUri",
            "columnName": "medium_uri",
            "affinity": "TEXT",
            "notNull": true
          }
        ],
        "primaryKey": {
          "autoGenerate": false,
          "columnNames": [
            "medium_uri",
            "stream_index"
          ]
        },
        "foreignKeys": [
          {
            "table": "media",
            "onDelete": "CASCADE",
            "onUpdate": "NO ACTION",
            "columns": [
              "medium_uri"
            ],
            "referencedColumns": [
              "uri"
            ]
          }
        ]
      },
      {
        "tableName": "audio_stream_info",
        "createSql": "CREATE TABLE IF NOT EXISTS `${TABLE_NAME}` (`stream_index` INTEGER NOT NULL, `title` TEXT, `codec_name` TEXT NOT NULL, `language` TEXT, `disposition` INTEGER NOT NULL, `bit_rate` INTEGER NOT NULL, `sample_format` TEXT, `sample_rate` INTEGER NOT NULL, `channels` INTEGER NOT NULL, `channel_layout` TEXT, `medium_uri` TEXT NOT NULL, PRIMARY KEY(`medium_uri`, `stream_index`), FOREIGN KEY(`medium_uri`) REFERENCES `media`(`uri`) ON UPDATE NO ACTION ON DELETE CASCADE )",
        "fields": [
          {
            "fieldPath": "index",
            "columnName": "stream_index",
            "affinity": "INTEGER",
            "notNull": true
          },
          {
            "fieldPath": "title",
            "columnName": "title",
            "affinity": "TEXT"
          },
          {
            "fieldPath": "codecName",
            "columnName": "codec_name",
            "affinity": "TEXT",
            "notNull": true
          },
          {
            "fieldPath": "language",
            "columnName": "language",
            "affinity": "TEXT"
          },
          {
            "fieldPath": "disposition",
            "columnName": "disposition",
            "affinity": "INTEGER",
            "notNull": true
          },
          {
            "fieldPath": "bitRate",
            "columnName": "bit_rate",
            "affinity": "INTEGER",
            "notNull": true
          },
          {
            "fieldPath": "sampleFormat",
            "columnName": "sample_format",
            "affinity": "TEXT"
          },
          {
            "fieldPath": "sampleRate",
            "columnName": "sample_rate",
            "affinity": "INTEGER",
            "notNull": true
          },
          {
            "fieldPath": "channels",
            "columnName": "channels",
            "affinity": "INTEGER",
            "notNull": true
          },
          {
            "fieldPath": "channelLayout",
            "columnName": "channel_layout",
            "affinity": "TEXT"
          },
          {
            "fieldPath": "mediumUri",
            "columnName": "medium_uri",
            "affinity": "TEXT",
            "notNull": true
          }
        ],
        "primaryKey": {
          "autoGenerate": false,
          "columnNames": [
            "medium_uri",
            "stream_index"
          ]
        },
        "foreignKeys": [
          {
            "table": "media",
            "onDelete": "CASCADE",
            "onUpdate": "NO ACTION",
            "columns": [
              "medium_uri"
            ],
            "referencedColumns": [
              "uri"
            ]
          }
        ]
      },
      {
        "tableName": "subtitle_stream_info",
        "createSql": "CREATE TABLE IF NOT EXISTS `${TABLE_NAME}` (`stream_index` INTEGER NOT NULL, `title` TEXT, `codec_name` TEXT NOT NULL, `language` TEXT, `disposition` INTEGER NOT NULL, `medium_uri` TEXT NOT NULL, PRIMARY KEY(`medium_uri`, `stream_index`), FOREIGN KEY(`medium_uri`) REFERENCES `media`(`uri`) ON UPDATE NO ACTION ON DELETE CASCADE )",
        "fields": [
          {
            "fieldPath": "index",
            "columnName": "stream_index",
            "affinity": "INTEGER",
            "notNull": true
          },
          {
            "fieldPath": "title",
            "columnName": "title",
            "affinity": "TEXT"
          },
          {
            "fieldPath": "codecName",
            "columnName": "codec_name",
            "affinity": "TEXT",
            "notNull": true
          },
          {
            "fieldPath": "language",
            "columnName": "language",
            "affinity": "TEXT"
          },
          {
            "fieldPath": "disposition",
            "columnName": "disposition",
            "affinity": "INTEGER",
            "notNull": true
          },
          {
            "fieldPath": "mediumUri",
            "columnName": "medium_uri",
            "affinity": "TEXT",
            "notNull": true
          }
        ],
        "primaryKey": {
          "autoGenerate": false,
          "columnNames": [
            "medium_uri",
            "stream_index"
          ]
        },
        "foreignKeys": [
          {
            "table": "media",
            "onDelete": "CASCADE",
            "onUpdate": "NO ACTION",
            "columns": [
              "medium_uri"
            ],
            "referencedColumns": [
              "uri"
            ]
          }
        ]
      }
    ],
    "setupQueries": [
      "CREATE TABLE IF NOT EXISTS room_master_table (id INTEGER PRIMARY KEY,identity_hash TEXT)",
      "INSERT OR REPLACE INTO room_master_table (id,identity_hash) VALUES(42, '6be344134e034f2a16bb88d7849a0fda')"
    ]
  }
}